<application>
  <component name="FileTypeManager" version="17">
    <extensionMap>
      <removed_mapping ext="html" approved="true" type="HTML" />
      <mapping pattern="gradlew" type="PLAIN_TEXT" />
      <mapping pattern="34" type="PLAIN_TEXT" />
      <mapping pattern="TestFile" type="PLAIN_TEXT" />
      <mapping ext="sample" type="PLAIN_TEXT" />
      <mapping ext="jython" type="PLAIN_TEXT" />
      <mapping ext="py" type="PLAIN_TEXT" />
      <removed_mapping ext="html" approved="true" type="HTML" />
    </extensionMap>
  </component>
</application>